W,0xabc,1337
W,0x123,42
R,0x456
W,0x789,85
R,0xabc
W,0x0,1
R,0x1
W,0x2,0x1337
R,0x3
W,0x4,0x42
R,0x5
W,0x6,0x99
R,0x7
W,0x8,0x77
R,0x9
W,0xa,0x88
R,0xb
W,0xc,0xaa
R,0xd
W,0xe,0xbb
R,0xf
W,0x10,0xcc
R,0x11
W,0x12,0xdd
R,0x13
W,0x14,0xee
R,0x15
W,0x16,0xff
R,0x17
W,0x18,0x11
R,0x19
W,0x1a,0x22
R,0x1b
W,0x1c,0x33
R,0x1d
W,0x1e,0x44
R,0x1f
W,0x20,0x55
R,0x21
W,0x22,0x66
R,0x23
W,0x24,0x77
R,0x25
W,0x26,0x88
R,0x27
W,0x28,0x99
R,0x29
W,0x2a,0xaa
R,0x2b
W,0x2c,0xbb
R,0x2d
W,0x2e,0xcc
R,0x2f
W,0x30,0xdd
R,0x31
W,0x32,0xee
R,0x33
W,0x34,0xff
R,0x35
W,0x36,0x11
R,0x37
W,0x38,0x22
R,0x39
W,0x3a,0x33
R,0x3b
W,0x3c,0x44
R,0x3d
W,0x3e,0x55
R,0x3f
W,0x40,0x66
R,0x41
W,0x42,0x77
R,0x43
W,0x44,0x88
R,0x45
W,0x46,0x99
R,0x47
W,0x48,0xaa
R,0x49
W,0x4a,0xbb
R,0x4b
W,0x4c,0xcc
R,0x4d
W,0x4e,0xdd
R,0x4f
W,0x50,0xee
R,0x51
W,0x52,0xff
R,0x53
W,0x54,0x11
R,0x55
W,0x56,0x22
R,0x57
W,0x58,0x33
R,0x59
W,0x5a,0x44
R,0x5b
W,0x5c,0x55
R,0x5d
W,0x5e,0x66
R,0x5f
W,0x60,0x77
R,0x61
W,0x62,0x88
R,0x63
W,0x64,0x99
R,0x65
W,0x66,0xaa
R,0x67
W,0x68,0xbb
R,0x69
W,0x6a,0xcc
R,0x6b
W,0x6c,0xdd
R,0x6d
W,0x6e,0xee
R,0x6f
W,0x70,0xff
R,0x71
W,0x72,0x11
R,0x73
W,0x74,0x22
R,0x75
W,0x76,0x33
R,0x77
W,0x78,0x44
R,0x79
W,0x7a,0x55
R,0x7b
W,0x7c,0x66
R,0x7d
W,0x7e,0x77
R,0x7f
W,0x80,0x88
R,0x81
W,0x82,0x99
R,0x83
W,0x84,0xaa
R,0x85
W,0x86,0xbb
R,0x87
W,0x88,0xcc
R,0x89
W,0x8a,0xdd
R,0x8b
W,0x8c,0xee
R,0x8d
W,0x8e,0xff
R,0x8f
W,0x90,0x11
R,0x91
W,0x92,0x22
R,0x93
W,0x94,0x33
R,0x95
W,0x96,0x44
R,0x97
W,0x98,0x55
R,0x99
W,0x9a,0x66
R,0x9b
W,0x9c,0x77
R,0x9d
W,0x9e,0x88
R,0x9f
W,0xa0,0x99
R,0xa1
W,0xa2,0xaa
R,0xa3
W,0xa4,0xbb
R,0xa5
W,0xa6,0xcc
R,0xa7
W,0xa8,0xdd
R,0xa9
W,0xaa,0xee
R,0xab
W,0xac,0xff
R,0xad
W,0xae,0x11
R,0xaf
W,0xb0,0x22
R,0xb1
W,0xb2,0x33
R,0xb3
W,0xb4,0x44
R,0xb5
W,0xb6,0x55
R,0xb7
W,0xb8,0x66
R,0xb9
W,0xba,0x77
R,0xbb
W,0xbc,0x88
R,0xbd
W,0xbe,0x99
R,0xbf
W,0xc0,0xaa
R,0xc1
W,0xc2,0xbb
R,0xc3
W,0xc4,0xcc
R,0xc5
W,0xc6,0xdd
R,0xc7
W,0xc8,0xee
R,0xc9
W,0xca,0xff
R,0xcb
W,0xcc,0x11
R,0xcd
W,0xce,0x22
R,0xcf
W,0xd0,0x33
R,0xd1
W,0xd2,0x44
R,0xd3
W,0xd4,0x55
R,0xd5
W,0xd6,0x66
R,0xd7
W,0xd8,0x77
R,0xd9
W,0xda,0x88
R,0xdb
W,0xdc,0x99
R,0xdd
W,0xde,0xaa
R,0xdf
W,0xe0,0xbb
R,0xe1
W,0xe2,0xcc
R,0xe3
W,0xe4,0xdd
R,0xe5
W,0xe6,0xee
R,0xe7
W,0xe8,0xff
R,0xe9
W,0xea,0x11
R,0xeb
W,0xec,0x22
R,0xed
W,0xee,0x33
R,0xef
W,0xf0,0x44
R,0xf1
W,0xf2,0x55
R,0xf3
W,0xf4,0x66
R,0xf5
W,0xf6,0x77
R,0xf7