R,0x2e36c9f0
R,0x2e36c9f4
R,0x2e36c9f8
R,0x2e36c9fc
R,0x2e36ca00
R,0x2e36ca04
R,0x2e36ca08
R,0x2e36ca0c
R,0x2e36ca10
R,0x2e36ca14
R,0x2e36ca18
R,0x2e36ca1c
R,0x2e36ca20
R,0x2e36ca24
R,0x2e36ca28
R,0x2e36ca2c
R,0x2e36ca30
R,0x2e36ca34
R,0x2e36ca38
R,0x2e36ca3c
R,0x2e36ca40
R,0x2e36ca44
R,0x2e36ca48
R,0x2e36ca4c
R,0x2e36ca50
R,0x2e36ca54
R,0x2e36ca58
R,0x2e36ca5c
R,0x2e36ca60
R,0x2e36ca64
R,0x2e36ca68
R,0x2e36ca6c
R,0x2e36ca70
R,0x2e36ca74
R,0x2e36ca78
R,0x2e36ca7c
R,0x2e36ca80
R,0x2e36ca84
R,0x2e36ca88
R,0x2e36ca8c
R,0x2e36ca90
R,0x2e36ca94
R,0x2e36ca98
R,0x2e36ca9c
R,0x2e36caa0
R,0x2e36caa4
R,0x2e36caa8
R,0x2e36caac
R,0x2e36cab0
R,0x2e36cab4
R,0x2e36cab8
R,0x2e36cabc
R,0x2e36cac0
R,0x2e36cac4
R,0x2e36cac8
R,0x2e36cacc
R,0x2e36cad0
R,0x2e36cad4
R,0x2e36cad8
R,0x2e36cadc
R,0x2e36cae0
R,0x2e36cae4
R,0x2e36cae8
R,0x2e36caec
R,0x2e36caf0
R,0x2e36caf4
R,0x2e36caf8
R,0x2e36cafc
R,0x2e36cb00
R,0x2e36cb04
R,0x2e36cb08
R,0x2e36cb0c
R,0x2e36cb10
R,0x2e36cb14
R,0x2e36cb18
R,0x2e36cb1c
R,0x2e36cb20
R,0x2e36cb24
R,0x2e36cb28
R,0x2e36cb2c
R,0x2e36cb30
R,0x2e36cb34
R,0x2e36cb38
R,0x2e36cb3c
R,0x2e36cb40
R,0x2e36cb44
R,0x2e36cb48
R,0x2e36cb4c
R,0x2e36cb50
R,0x2e36cb54
R,0x2e36cb58
R,0x2e36cb5c
R,0x2e36cb60
R,0x2e36cb64
R,0x2e36cb68
R,0x2e36cb6c
R,0x2e36cb70
R,0x2e36cb74
R,0x2e36cb78
R,0x2e36cb7c
